Scenario,lcoh_cat,Technology,Region,Year,LCOH($/kg)
"Offgrid_30_v3","fom","ded_electrolyzer","p33","2026",8.52863079878018E-6
"Offgrid_30_v3","fom","ded_electrolyzer","p33","2029",8.7642099101632E-6
"Offgrid_30_v3","fom","ded_electrolyzer","p33","2032",8.80584128444592E-6
"Offgrid_30_v3","fom","ded_electrolyzer","p33","2035",8.9558071429162E-6
"Offgrid_30_v3","fom","ded_electrolyzer","p74","2026",9.98889185463493E-6
"Offgrid_30_v3","fom","ded_electrolyzer","p74","2029",1.00348602768512E-5
"Offgrid_30_v3","fom","ded_electrolyzer","p74","2032",1.00616211164649E-5
"Offgrid_30_v3","fom","ded_electrolyzer","p74","2035",9.99644837639354E-6
"Offgrid_30_v3","fom","ded_electrolyzer","p97","2032",1.22130002006803E-5
"Offgrid_30_v3","fom","ded_electrolyzer","p97","2035",1.21783183677368E-5
"Offgrid_30_v3","vom","ded_electrolyzer","p33","2026",2.35638E-5
"Offgrid_30_v3","vom","ded_electrolyzer","p33","2029",2.36659903682343E-5
"Offgrid_30_v3","vom","ded_electrolyzer","p33","2032",2.36716618527829E-5
"Offgrid_30_v3","vom","ded_electrolyzer","p33","2035",2.37309489646865E-5
"Offgrid_30_v3","vom","ded_electrolyzer","p74","2026",2.35638E-5
"Offgrid_30_v3","vom","ded_electrolyzer","p74","2029",2.37622358981509E-5
"Offgrid_30_v3","vom","ded_electrolyzer","p74","2032",2.38869792844999E-5
"Offgrid_30_v3","vom","ded_electrolyzer","p74","2035",2.40015366184894E-5
"Offgrid_30_v3","vom","ded_electrolyzer","p97","2032",2.39681E-5
"Offgrid_30_v3","vom","ded_electrolyzer","p97","2035",2.40756757386351E-5
"Offgrid_30_v3","capcost","ded_electrolyzer","p33","2026",1.0271470420506E-6
"Offgrid_30_v3","capcost","ded_electrolyzer","p33","2029",1.05551905077451E-6
"Offgrid_30_v3","capcost","ded_electrolyzer","p33","2032",1.06053293213013E-6
"Offgrid_30_v3","capcost","ded_electrolyzer","p33","2035",1.07859409476814E-6
"Offgrid_30_v3","capcost","ded_electrolyzer","p74","2026",1.14110144096284E-6
"Offgrid_30_v3","capcost","ded_electrolyzer","p74","2029",1.1463527374623E-6
"Offgrid_30_v3","capcost","ded_electrolyzer","p74","2032",1.14940981657467E-6
"Offgrid_30_v3","capcost","ded_electrolyzer","p74","2035",1.14196467564321E-6
"Offgrid_30_v3","capcost","ded_electrolyzer","p97","2032",1.30874401218273E-6
"Offgrid_30_v3","capcost","ded_electrolyzer","p97","2035",1.30502751005791E-6
"Offgrid_30_v3","offgrid-electricity-capcost","ded_electrolyzer","p33","2026",0.908694301538128
"Offgrid_30_v3","offgrid-electricity-capcost","ded_electrolyzer","p33","2029",0.801287905236254
"Offgrid_30_v3","offgrid-electricity-capcost","ded_electrolyzer","p33","2032",0.735480405345677
"Offgrid_30_v3","offgrid-electricity-capcost","ded_electrolyzer","p33","2035",0.669173854249257
"Offgrid_30_v3","offgrid-electricity-capcost","ded_electrolyzer","p74","2026",0.857588212606821
"Offgrid_30_v3","offgrid-electricity-capcost","ded_electrolyzer","p74","2029",0.794202409771184
"Offgrid_30_v3","offgrid-electricity-capcost","ded_electrolyzer","p74","2032",0.71987385383808
"Offgrid_30_v3","offgrid-electricity-capcost","ded_electrolyzer","p74","2035",0.662359350377501
"Offgrid_30_v3","offgrid-electricity-capcost","ded_electrolyzer","p97","2032",0.796272326560081
"Offgrid_30_v3","offgrid-electricity-capcost","ded_electrolyzer","p97","2035",0.696586923685444
"Offgrid_30_v3","offgrid-electricity-fom","ded_electrolyzer","p33","2026",0.309876331093688
"Offgrid_30_v3","offgrid-electricity-fom","ded_electrolyzer","p33","2029",0.29026885573942
"Offgrid_30_v3","offgrid-electricity-fom","ded_electrolyzer","p33","2032",0.288081497974876
"Offgrid_30_v3","offgrid-electricity-fom","ded_electrolyzer","p33","2035",0.279915553391372
"Offgrid_30_v3","offgrid-electricity-fom","ded_electrolyzer","p74","2026",0.285165082439401
"Offgrid_30_v3","offgrid-electricity-fom","ded_electrolyzer","p74","2029",0.271647902007116
"Offgrid_30_v3","offgrid-electricity-fom","ded_electrolyzer","p74","2032",0.262507273202214
"Offgrid_30_v3","offgrid-electricity-fom","ded_electrolyzer","p74","2035",0.257877988780198
"Offgrid_30_v3","offgrid-electricity-fom","ded_electrolyzer","p97","2032",0.271386997749609
"Offgrid_30_v3","offgrid-electricity-fom","ded_electrolyzer","p97","2035",0.262002797800609
"Offgrid_30_v3","storage-capex","ded_electrolyzer","p33","2026",0.846049658312846
"Offgrid_30_v3","storage-capex","ded_electrolyzer","p33","2029",0.330051251807286
"Offgrid_30_v3","storage-capex","ded_electrolyzer","p33","2032",0.00424631578593954
"Offgrid_30_v3","storage-capex","ded_electrolyzer","p74","2026",2.55606088897672
"Offgrid_30_v3","storage-capex","ded_electrolyzer","p74","2029",1.78530988432578
"Offgrid_30_v3","storage-capex","ded_electrolyzer","p74","2032",0.786219781590503
"Offgrid_30_v3","storage-capex","ded_electrolyzer","p74","2035",0.329036594803548
"Offgrid_30_v3","storage-capex","ded_electrolyzer","p97","2032",1.51098481965812
"Offgrid_30_v3","storage-capex","ded_electrolyzer","p97","2035",0.584129604453059
"Offgrid_30_v3","storage-fom","ded_electrolyzer","p33","2026",0.0200842513815939
"Offgrid_30_v3","storage-fom","ded_electrolyzer","p33","2029",0.0199476502632354
"Offgrid_30_v3","storage-fom","ded_electrolyzer","p33","2032",0.0198702307799903
"Offgrid_30_v3","storage-fom","ded_electrolyzer","p33","2035",0.018444503296288
"Offgrid_30_v3","storage-fom","ded_electrolyzer","p74","2026",0.0389213607768304
"Offgrid_30_v3","storage-fom","ded_electrolyzer","p74","2029",0.027812953468839
"Offgrid_30_v3","storage-fom","ded_electrolyzer","p74","2032",0.0253855350913325
"Offgrid_30_v3","storage-fom","ded_electrolyzer","p74","2035",0.0216823568011614
"Offgrid_30_v3","storage-fom","ded_electrolyzer","p97","2032",0.023007896857172
"Offgrid_30_v3","storage-fom","ded_electrolyzer","p97","2035",0.0228774994805016
"Offgrid_30_v3","45v","ded_electrolyzer","p33","2026",-1.20644259537399
"Offgrid_30_v3","45v","ded_electrolyzer","p33","2029",-1.20644259537399
"Offgrid_30_v3","45v","ded_electrolyzer","p33","2032",-1.20644259537399
"Offgrid_30_v3","45v","ded_electrolyzer","p33","2035",-1.20644259537399
"Offgrid_30_v3","45v","ded_electrolyzer","p74","2026",-1.20644259537399
"Offgrid_30_v3","45v","ded_electrolyzer","p74","2029",-1.20644259537399
"Offgrid_30_v3","45v","ded_electrolyzer","p74","2032",-1.20644259537399
"Offgrid_30_v3","45v","ded_electrolyzer","p74","2035",-1.20644259537399
"Offgrid_30_v3","45v","ded_electrolyzer","p97","2032",-1.20644259537399
"Offgrid_30_v3","45v","ded_electrolyzer","p97","2035",-1.20644259537399
"OnGrid_30_v3","fom","electrolyzer","p33","2026",6.99763698196283E-6
"OnGrid_30_v3","fom","electrolyzer","p33","2029",6.97187701209673E-6
"OnGrid_30_v3","fom","electrolyzer","p33","2032",6.97187701209671E-6
"OnGrid_30_v3","fom","electrolyzer","p33","2035",6.86607180234036E-6
"OnGrid_30_v3","fom","electrolyzer","p37","2035",6.82077693778547E-6
"OnGrid_30_v3","fom","electrolyzer","p43","2026",6.99763698196283E-6
"OnGrid_30_v3","fom","electrolyzer","p43","2029",6.99763698196281E-6
"OnGrid_30_v3","fom","electrolyzer","p43","2032",7.15747943752402E-6
"OnGrid_30_v3","fom","electrolyzer","p43","2035",7.0738420093525E-6
"OnGrid_30_v3","fom","electrolyzer","p44","2026",6.99763698196285E-6
"OnGrid_30_v3","fom","electrolyzer","p44","2029",6.99763698196284E-6
"OnGrid_30_v3","fom","electrolyzer","p44","2032",8.10997273862115E-6
"OnGrid_30_v3","fom","electrolyzer","p44","2035",7.70168128083799E-6
"OnGrid_30_v3","fom","electrolyzer","p53","2026",6.99763698196282E-6
"OnGrid_30_v3","fom","electrolyzer","p53","2029",6.99407191194344E-6
"OnGrid_30_v3","fom","electrolyzer","p53","2032",6.99407191194343E-6
"OnGrid_30_v3","fom","electrolyzer","p53","2035",6.99407191194344E-6
"OnGrid_30_v3","fom","electrolyzer","p68","2026",6.99763698196283E-6
"OnGrid_30_v3","fom","electrolyzer","p68","2029",6.99763698196284E-6
"OnGrid_30_v3","fom","electrolyzer","p68","2032",7.96490834386866E-6
"OnGrid_30_v3","fom","electrolyzer","p68","2035",7.69611176243423E-6
"OnGrid_30_v3","fom","electrolyzer","p69","2026",6.99763698196285E-6
"OnGrid_30_v3","fom","electrolyzer","p69","2029",6.99763698196281E-6
"OnGrid_30_v3","fom","electrolyzer","p69","2032",6.99763698196284E-6
"OnGrid_30_v3","fom","electrolyzer","p69","2035",6.99763698196285E-6
"OnGrid_30_v3","fom","electrolyzer","p74","2026",6.99763698196284E-6
"OnGrid_30_v3","fom","electrolyzer","p74","2029",6.95115867283101E-6
"OnGrid_30_v3","fom","electrolyzer","p74","2032",6.93407654287093E-6
"OnGrid_30_v3","fom","electrolyzer","p74","2035",6.92146331784561E-6
"OnGrid_30_v3","fom","electrolyzer","p80","2032",6.879599063571E-6
"OnGrid_30_v3","fom","electrolyzer","p80","2035",6.879599063571E-6
"OnGrid_30_v3","fom","electrolyzer","p81","2032",6.87959906357098E-6
"OnGrid_30_v3","fom","electrolyzer","p81","2035",6.87959906357099E-6
"OnGrid_30_v3","fom","electrolyzer","p82","2032",6.87959906357099E-6
"OnGrid_30_v3","fom","electrolyzer","p82","2035",6.87959906357098E-6
"OnGrid_30_v3","fom","electrolyzer","p88","2029",6.93868533561588E-6
"OnGrid_30_v3","fom","electrolyzer","p88","2032",6.93868533561588E-6
"OnGrid_30_v3","fom","electrolyzer","p88","2035",6.93868533561588E-6
"OnGrid_30_v3","fom","electrolyzer","p93","2029",6.93868533561588E-6
"OnGrid_30_v3","fom","electrolyzer","p93","2032",6.92839515932659E-6
"OnGrid_30_v3","fom","electrolyzer","p93","2035",6.89995030684456E-6
"OnGrid_30_v3","fom","electrolyzer","p108","2029",6.93868533561588E-6
"OnGrid_30_v3","fom","electrolyzer","p108","2032",6.90158358184058E-6
"OnGrid_30_v3","fom","electrolyzer","p108","2035",6.90158358184058E-6
"OnGrid_30_v3","vom","electrolyzer","p33","2026",2.35638E-5
"OnGrid_30_v3","vom","electrolyzer","p33","2029",2.36512809489941E-5
"OnGrid_30_v3","vom","electrolyzer","p33","2032",2.36512809489941E-5
"OnGrid_30_v3","vom","electrolyzer","p33","2035",2.40178660963252E-5
"OnGrid_30_v3","vom","electrolyzer","p37","2035",2.41748E-5
"OnGrid_30_v3","vom","electrolyzer","p43","2026",2.35638E-5
"OnGrid_30_v3","vom","electrolyzer","p43","2029",2.35638E-5
"OnGrid_30_v3","vom","electrolyzer","p43","2032",2.35638E-5
"OnGrid_30_v3","vom","electrolyzer","p43","2035",2.35638E-5
"OnGrid_30_v3","vom","electrolyzer","p44","2026",2.35638E-5
"OnGrid_30_v3","vom","electrolyzer","p44","2029",2.35638E-5
"OnGrid_30_v3","vom","electrolyzer","p44","2032",2.35638E-5
"OnGrid_30_v3","vom","electrolyzer","p44","2035",2.35638E-5
"OnGrid_30_v3","vom","electrolyzer","p53","2026",2.35638E-5
"OnGrid_30_v3","vom","electrolyzer","p53","2029",2.35759069904253E-5
"OnGrid_30_v3","vom","electrolyzer","p53","2032",2.35759069904253E-5
"OnGrid_30_v3","vom","electrolyzer","p53","2035",2.35759069904253E-5
"OnGrid_30_v3","vom","electrolyzer","p68","2026",2.35638E-5
"OnGrid_30_v3","vom","electrolyzer","p68","2029",2.35638E-5
"OnGrid_30_v3","vom","electrolyzer","p68","2032",2.35638E-5
"OnGrid_30_v3","vom","electrolyzer","p68","2035",2.35638E-5
"OnGrid_30_v3","vom","electrolyzer","p69","2026",2.35638E-5
"OnGrid_30_v3","vom","electrolyzer","p69","2029",2.35638E-5
"OnGrid_30_v3","vom","electrolyzer","p69","2032",2.35638E-5
"OnGrid_30_v3","vom","electrolyzer","p69","2035",2.35638E-5
"OnGrid_30_v3","vom","electrolyzer","p74","2026",2.35638E-5
"OnGrid_30_v3","vom","electrolyzer","p74","2029",2.37216405025948E-5
"OnGrid_30_v3","vom","electrolyzer","p74","2032",2.37804733163581E-5
"OnGrid_30_v3","vom","electrolyzer","p74","2035",2.38243722442538E-5
"OnGrid_30_v3","vom","electrolyzer","p80","2032",2.39681E-5
"OnGrid_30_v3","vom","electrolyzer","p80","2035",2.39681E-5
"OnGrid_30_v3","vom","electrolyzer","p81","2032",2.39681E-5
"OnGrid_30_v3","vom","electrolyzer","p81","2035",2.39681E-5
"OnGrid_30_v3","vom","electrolyzer","p82","2032",2.39681E-5
"OnGrid_30_v3","vom","electrolyzer","p82","2035",2.39681E-5
"OnGrid_30_v3","vom","electrolyzer","p88","2029",2.3764E-5
"OnGrid_30_v3","vom","electrolyzer","p88","2032",2.3764E-5
"OnGrid_30_v3","vom","electrolyzer","p88","2035",2.3764E-5
"OnGrid_30_v3","vom","electrolyzer","p93","2029",2.3764E-5
"OnGrid_30_v3","vom","electrolyzer","p93","2032",2.37995450582336E-5
"OnGrid_30_v3","vom","electrolyzer","p93","2035",2.38987296694346E-5
"OnGrid_30_v3","vom","electrolyzer","p108","2029",2.3764E-5
"OnGrid_30_v3","vom","electrolyzer","p108","2032",2.38921595146126E-5
"OnGrid_30_v3","vom","electrolyzer","p108","2035",2.38921595146126E-5
"OnGrid_30_v3","capcost","electrolyzer","p33","2026",8.42761551877124E-7
"OnGrid_30_v3","capcost","electrolyzer","p33","2029",8.39659145702493E-7
"OnGrid_30_v3","capcost","electrolyzer","p33","2032",8.39659145702491E-7
"OnGrid_30_v3","capcost","electrolyzer","p33","2035",8.26916477998981E-7
"OnGrid_30_v3","capcost","electrolyzer","p37","2035",7.68039875070368E-7
"OnGrid_30_v3","capcost","electrolyzer","p43","2026",8.11533557627723E-7
"OnGrid_30_v3","capcost","electrolyzer","p43","2029",8.11533557627721E-7
"OnGrid_30_v3","capcost","electrolyzer","p43","2032",8.30070889152049E-7
"OnGrid_30_v3","capcost","electrolyzer","p43","2035",8.20371246285489E-7
"OnGrid_30_v3","capcost","electrolyzer","p44","2026",8.05619164777461E-7
"OnGrid_30_v3","capcost","electrolyzer","p44","2029",8.05619164777459E-7
"OnGrid_30_v3","capcost","electrolyzer","p44","2032",9.33679395043907E-7
"OnGrid_30_v3","capcost","electrolyzer","p44","2035",8.8667389532266E-7
"OnGrid_30_v3","capcost","electrolyzer","p53","2026",7.87954844797999E-7
"OnGrid_30_v3","capcost","electrolyzer","p53","2029",7.87553407255431E-7
"OnGrid_30_v3","capcost","electrolyzer","p53","2032",7.87553407255431E-7
"OnGrid_30_v3","capcost","electrolyzer","p53","2035",7.87553407255431E-7
"OnGrid_30_v3","capcost","electrolyzer","p68","2026",8.04594003350079E-7
"OnGrid_30_v3","capcost","electrolyzer","p68","2029",8.0459400335008E-7
"OnGrid_30_v3","capcost","electrolyzer","p68","2032",9.15811652880591E-7
"OnGrid_30_v3","capcost","electrolyzer","p68","2035",8.84905202874595E-7
"OnGrid_30_v3","capcost","electrolyzer","p69","2026",7.86456531942601E-7
"OnGrid_30_v3","capcost","electrolyzer","p69","2029",7.86456531942596E-7
"OnGrid_30_v3","capcost","electrolyzer","p69","2032",7.864565319426E-7
"OnGrid_30_v3","capcost","electrolyzer","p69","2035",7.864565319426E-7
"OnGrid_30_v3","capcost","electrolyzer","p74","2026",7.99389337641847E-7
"OnGrid_30_v3","capcost","electrolyzer","p74","2029",7.94079793170281E-7
"OnGrid_30_v3","capcost","electrolyzer","p74","2032",7.92128381202283E-7
"OnGrid_30_v3","capcost","electrolyzer","p74","2035",7.90687483707243E-7
"OnGrid_30_v3","capcost","electrolyzer","p80","2032",8.10946697075714E-7
"OnGrid_30_v3","capcost","electrolyzer","p80","2035",8.10946697075714E-7
"OnGrid_30_v3","capcost","electrolyzer","p81","2032",7.88385942883644E-7
"OnGrid_30_v3","capcost","electrolyzer","p81","2035",7.88385942883645E-7
"OnGrid_30_v3","capcost","electrolyzer","p82","2032",7.92417417859547E-7
"OnGrid_30_v3","capcost","electrolyzer","p82","2035",7.92417417859546E-7
"OnGrid_30_v3","capcost","electrolyzer","p88","2029",7.4808416682639E-7
"OnGrid_30_v3","capcost","electrolyzer","p88","2032",7.4808416682639E-7
"OnGrid_30_v3","capcost","electrolyzer","p88","2035",7.48084166826389E-7
"OnGrid_30_v3","capcost","electrolyzer","p93","2029",7.60673437324879E-7
"OnGrid_30_v3","capcost","electrolyzer","p93","2032",7.59545347003723E-7
"OnGrid_30_v3","capcost","electrolyzer","p93","2035",7.56426997825869E-7
"OnGrid_30_v3","capcost","electrolyzer","p108","2029",7.64817731339909E-7
"OnGrid_30_v3","capcost","electrolyzer","p108","2032",7.60728184433163E-7
"OnGrid_30_v3","capcost","electrolyzer","p108","2035",7.60728184433163E-7
"OnGrid_30_v3","storage-capex","electrolyzer","p33","2026",-5.85401337698422E-16
"OnGrid_30_v3","storage-capex","electrolyzer","p33","2029",-1.09866605466143E-16
"OnGrid_30_v3","storage-capex","electrolyzer","p33","2032",4.39466421864569E-16
"OnGrid_30_v3","storage-capex","electrolyzer","p33","2035",-3.51300459125329E-16
"OnGrid_30_v3","storage-capex","electrolyzer","p37","2035",-1.10231318465651E-15
"OnGrid_30_v3","storage-capex","electrolyzer","p43","2029",1.08145857279492E-15
"OnGrid_30_v3","storage-capex","electrolyzer","p43","2032",0.0313787017198261
"OnGrid_30_v3","storage-capex","electrolyzer","p44","2029",-1.92315836140696E-16
"OnGrid_30_v3","storage-capex","electrolyzer","p44","2032",0.300951928733977
"OnGrid_30_v3","storage-capex","electrolyzer","p53","2026",3.15463433524947E-15
"OnGrid_30_v3","storage-capex","electrolyzer","p53","2029",-3.48253487919004E-15
"OnGrid_30_v3","storage-capex","electrolyzer","p53","2032",3.70482433956387E-16
"OnGrid_30_v3","storage-capex","electrolyzer","p53","2035",-2.9638594716511E-16
"OnGrid_30_v3","storage-capex","electrolyzer","p68","2029",-8.41020963453027E-16
"OnGrid_30_v3","storage-capex","electrolyzer","p68","2032",0.257163294313697
"OnGrid_30_v3","storage-capex","electrolyzer","p69","2029",6.17826977859514E-14
"OnGrid_30_v3","storage-capex","electrolyzer","p69","2032",-6.17826977859517E-14
"OnGrid_30_v3","storage-capex","electrolyzer","p74","2026",-3.88856840952666E-16
"OnGrid_30_v3","storage-capex","electrolyzer","p74","2029",1.15511448798405E-15
"OnGrid_30_v3","storage-capex","electrolyzer","p74","2032",-8.16738703183835E-16
"OnGrid_30_v3","storage-capex","electrolyzer","p74","2035",-4.53633881912995E-17
"OnGrid_30_v3","storage-capex","electrolyzer","p81","2032",-6.70761356542109E-15
"OnGrid_30_v3","storage-capex","electrolyzer","p81","2035",3.61604925275811E-15
"OnGrid_30_v3","storage-capex","electrolyzer","p82","2035",1.07560989230113E-14
"OnGrid_30_v3","storage-capex","electrolyzer","p88","2029",-2.207477404065E-15
"OnGrid_30_v3","storage-capex","electrolyzer","p88","2032",2.207477404065E-15
"OnGrid_30_v3","storage-capex","electrolyzer","p93","2029",9.70767618720524E-15
"OnGrid_30_v3","storage-capex","electrolyzer","p93","2032",-8.1403455136389E-15
"OnGrid_30_v3","storage-capex","electrolyzer","p108","2035",-3.10385099771951E-15
"OnGrid_30_v3","storage-fom","electrolyzer","p33","2026",-1.38967583166482E-17
"OnGrid_30_v3","storage-fom","electrolyzer","p33","2029",-1.04324302997755E-17
"OnGrid_30_v3","storage-fom","electrolyzer","p33","2035",-8.33947116722727E-18
"OnGrid_30_v3","storage-fom","electrolyzer","p37","2035",-2.61676544448177E-17
"OnGrid_30_v3","storage-fom","electrolyzer","p43","2029",1.64674634545963E-17
"OnGrid_30_v3","storage-fom","electrolyzer","p43","2032",0.000477806211742817
"OnGrid_30_v3","storage-fom","electrolyzer","p43","2035",0.000472222893891418
"OnGrid_30_v3","storage-fom","electrolyzer","p44","2029",-2.92840991144245E-18
"OnGrid_30_v3","storage-fom","electrolyzer","p44","2032",0.00458262111253044
"OnGrid_30_v3","storage-fom","electrolyzer","p44","2035",0.00435191194558187
"OnGrid_30_v3","storage-fom","electrolyzer","p53","2026",7.48874116118719E-17
"OnGrid_30_v3","storage-fom","electrolyzer","p53","2029",-1.23127610396254E-17
"OnGrid_30_v3","storage-fom","electrolyzer","p53","2032",-3.51793172560724E-18
"OnGrid_30_v3","storage-fom","electrolyzer","p53","2035",-1.05537951768217E-17
"OnGrid_30_v3","storage-fom","electrolyzer","p68","2029",-1.28062991302751E-17
"OnGrid_30_v3","storage-fom","electrolyzer","p68","2032",0.00391584777956859
"OnGrid_30_v3","storage-fom","electrolyzer","p68","2035",0.00378369729507797
"OnGrid_30_v3","storage-fom","electrolyzer","p69","2029",1.13066020919634E-16
"OnGrid_30_v3","storage-fom","electrolyzer","p74","2026",-5.92115683258088E-18
"OnGrid_30_v3","storage-fom","electrolyzer","p74","2029",1.63361951573101E-17
"OnGrid_30_v3","storage-fom","electrolyzer","p74","2035",-6.90752245170423E-19
"OnGrid_30_v3","storage-fom","electrolyzer","p81","2035",6.61758574990135E-18
"OnGrid_30_v3","storage-fom","electrolyzer","p82","2035",1.96843023924957E-17
"OnGrid_30_v3","storage-fom","electrolyzer","p88","2029",-4.03981527663859E-18
"OnGrid_30_v3","storage-fom","electrolyzer","p93","2029",1.8038881013712E-17
"OnGrid_30_v3","storage-fom","electrolyzer","p108","2035",-5.68023240188418E-18
"OnGrid_30_v3","45v","electrolyzer","p33","2026",-1.20644259537399
"OnGrid_30_v3","45v","electrolyzer","p33","2029",-1.20644259537399
"OnGrid_30_v3","45v","electrolyzer","p33","2032",-1.20644259537399
"OnGrid_30_v3","45v","electrolyzer","p33","2035",-1.20644259537399
"OnGrid_30_v3","45v","electrolyzer","p37","2035",-1.20644259537399
"OnGrid_30_v3","45v","electrolyzer","p43","2026",-1.20644259537399
"OnGrid_30_v3","45v","electrolyzer","p43","2029",-1.20644259537399
"OnGrid_30_v3","45v","electrolyzer","p43","2032",-1.20644259537399
"OnGrid_30_v3","45v","electrolyzer","p43","2035",-1.20644259537399
"OnGrid_30_v3","45v","electrolyzer","p44","2026",-1.20644259537399
"OnGrid_30_v3","45v","electrolyzer","p44","2029",-1.20644259537399
"OnGrid_30_v3","45v","electrolyzer","p44","2032",-1.20644259537399
"OnGrid_30_v3","45v","electrolyzer","p44","2035",-1.20644259537399
"OnGrid_30_v3","45v","electrolyzer","p53","2026",-1.20644259537399
"OnGrid_30_v3","45v","electrolyzer","p53","2029",-1.20644259537399
"OnGrid_30_v3","45v","electrolyzer","p53","2032",-1.20644259537399
"OnGrid_30_v3","45v","electrolyzer","p53","2035",-1.20644259537399
"OnGrid_30_v3","45v","electrolyzer","p68","2026",-1.20644259537399
"OnGrid_30_v3","45v","electrolyzer","p68","2029",-1.20644259537399
"OnGrid_30_v3","45v","electrolyzer","p68","2032",-1.20644259537399
"OnGrid_30_v3","45v","electrolyzer","p68","2035",-1.20644259537399
"OnGrid_30_v3","45v","electrolyzer","p69","2026",-1.20644259537399
"OnGrid_30_v3","45v","electrolyzer","p69","2029",-1.20644259537399
"OnGrid_30_v3","45v","electrolyzer","p69","2032",-1.20644259537399
"OnGrid_30_v3","45v","electrolyzer","p69","2035",-1.20644259537399
"OnGrid_30_v3","45v","electrolyzer","p74","2026",-1.20644259537399
"OnGrid_30_v3","45v","electrolyzer","p74","2029",-1.20644259537399
"OnGrid_30_v3","45v","electrolyzer","p74","2032",-1.20644259537398
"OnGrid_30_v3","45v","electrolyzer","p74","2035",-1.20644259537398
"OnGrid_30_v3","45v","electrolyzer","p80","2032",-1.20644259537399
"OnGrid_30_v3","45v","electrolyzer","p80","2035",-1.20644259537399
"OnGrid_30_v3","45v","electrolyzer","p81","2032",-1.20644259537399
"OnGrid_30_v3","45v","electrolyzer","p81","2035",-1.20644259537399
"OnGrid_30_v3","45v","electrolyzer","p82","2032",-1.20644259537398
"OnGrid_30_v3","45v","electrolyzer","p82","2035",-1.20644259537398
"OnGrid_30_v3","45v","electrolyzer","p88","2029",-1.20644259537399
"OnGrid_30_v3","45v","electrolyzer","p88","2032",-1.20644259537399
"OnGrid_30_v3","45v","electrolyzer","p88","2035",-1.20644259537399
"OnGrid_30_v3","45v","electrolyzer","p93","2029",-1.20644259537399
"OnGrid_30_v3","45v","electrolyzer","p93","2032",-1.20644259537398
"OnGrid_30_v3","45v","electrolyzer","p93","2035",-1.20644259537398
"OnGrid_30_v3","45v","electrolyzer","p108","2029",-1.20644259537399
"OnGrid_30_v3","45v","electrolyzer","p108","2032",-1.20644259537398
"OnGrid_30_v3","45v","electrolyzer","p108","2035",-1.20644259537398
"OnGrid_30_v3","electricity-grid-wholesale","electrolyzer","p33","2026",0.700114849063563
"OnGrid_30_v3","electricity-grid-wholesale","electrolyzer","p33","2029",0.634446928896955
"OnGrid_30_v3","electricity-grid-wholesale","electrolyzer","p33","2032",0.469130674537433
"OnGrid_30_v3","electricity-grid-wholesale","electrolyzer","p33","2035",0.375469194649084
"OnGrid_30_v3","electricity-grid-wholesale","electrolyzer","p37","2035",0.405324536627764
"OnGrid_30_v3","electricity-grid-wholesale","electrolyzer","p43","2026",0.758206185268385
"OnGrid_30_v3","electricity-grid-wholesale","electrolyzer","p43","2029",0.584930561124707
"OnGrid_30_v3","electricity-grid-wholesale","electrolyzer","p43","2032",0.559486554105534
"OnGrid_30_v3","electricity-grid-wholesale","electrolyzer","p43","2035",0.530549597891701
"OnGrid_30_v3","electricity-grid-wholesale","electrolyzer","p44","2026",0.651508106789392
"OnGrid_30_v3","electricity-grid-wholesale","electrolyzer","p44","2029",0.529962653111605
"OnGrid_30_v3","electricity-grid-wholesale","electrolyzer","p44","2032",0.388179438202927
"OnGrid_30_v3","electricity-grid-wholesale","electrolyzer","p44","2035",0.366134740885676
"OnGrid_30_v3","electricity-grid-wholesale","electrolyzer","p53","2026",0.730015665397964
"OnGrid_30_v3","electricity-grid-wholesale","electrolyzer","p53","2029",0.625262167044676
"OnGrid_30_v3","electricity-grid-wholesale","electrolyzer","p53","2032",0.492431060906723
"OnGrid_30_v3","electricity-grid-wholesale","electrolyzer","p53","2035",0.472373632123463
"OnGrid_30_v3","electricity-grid-wholesale","electrolyzer","p68","2026",0.654640155605992
"OnGrid_30_v3","electricity-grid-wholesale","electrolyzer","p68","2029",0.534063939373002
"OnGrid_30_v3","electricity-grid-wholesale","electrolyzer","p68","2032",0.431298935113594
"OnGrid_30_v3","electricity-grid-wholesale","electrolyzer","p68","2035",0.410416805492863
"OnGrid_30_v3","electricity-grid-wholesale","electrolyzer","p69","2026",0.673712356837157
"OnGrid_30_v3","electricity-grid-wholesale","electrolyzer","p69","2029",0.530513029391853
"OnGrid_30_v3","electricity-grid-wholesale","electrolyzer","p69","2032",0.493030579569887
"OnGrid_30_v3","electricity-grid-wholesale","electrolyzer","p69","2035",0.481534046646061
"OnGrid_30_v3","electricity-grid-wholesale","electrolyzer","p74","2026",0.716936561967715
"OnGrid_30_v3","electricity-grid-wholesale","electrolyzer","p74","2029",0.549649265701871
"OnGrid_30_v3","electricity-grid-wholesale","electrolyzer","p74","2032",0.596422708059214
"OnGrid_30_v3","electricity-grid-wholesale","electrolyzer","p74","2035",0.553331617351687
"OnGrid_30_v3","electricity-grid-wholesale","electrolyzer","p80","2032",0.537813509088608
"OnGrid_30_v3","electricity-grid-wholesale","electrolyzer","p80","2035",0.512777323237426
"OnGrid_30_v3","electricity-grid-wholesale","electrolyzer","p81","2032",0.489967143188894
"OnGrid_30_v3","electricity-grid-wholesale","electrolyzer","p81","2035",0.457091489993321
"OnGrid_30_v3","electricity-grid-wholesale","electrolyzer","p82","2032",0.490841139024604
"OnGrid_30_v3","electricity-grid-wholesale","electrolyzer","p82","2035",0.47269448673856
"OnGrid_30_v3","electricity-grid-wholesale","electrolyzer","p88","2029",0.669911587943141
"OnGrid_30_v3","electricity-grid-wholesale","electrolyzer","p88","2032",0.625954900689469
"OnGrid_30_v3","electricity-grid-wholesale","electrolyzer","p88","2035",0.580249140971742
"OnGrid_30_v3","electricity-grid-wholesale","electrolyzer","p93","2029",0.651314028866435
"OnGrid_30_v3","electricity-grid-wholesale","electrolyzer","p93","2032",0.598854704492477
"OnGrid_30_v3","electricity-grid-wholesale","electrolyzer","p93","2035",0.521815616400309
"OnGrid_30_v3","electricity-grid-wholesale","electrolyzer","p108","2029",0.646794017942964
"OnGrid_30_v3","electricity-grid-wholesale","electrolyzer","p108","2032",0.591917414683298
"OnGrid_30_v3","electricity-grid-wholesale","electrolyzer","p108","2035",0.535591678527401
"OnGrid_30_v3","electricity-grid-retailer","electrolyzer","p33","2026",0.055169369965795
"OnGrid_30_v3","electricity-grid-retailer","electrolyzer","p33","2029",0.0549662783633706
"OnGrid_30_v3","electricity-grid-retailer","electrolyzer","p33","2032",0.0549662783633706
"OnGrid_30_v3","electricity-grid-retailer","electrolyzer","p33","2035",0.0541321100896513
"OnGrid_30_v3","electricity-grid-retailer","electrolyzer","p37","2035",0.0537750053775005
"OnGrid_30_v3","electricity-grid-retailer","electrolyzer","p43","2026",0.0551693699657949
"OnGrid_30_v3","electricity-grid-retailer","electrolyzer","p43","2029",0.055169369965795
"OnGrid_30_v3","electricity-grid-retailer","electrolyzer","p43","2032",0.055169369965795
"OnGrid_30_v3","electricity-grid-retailer","electrolyzer","p43","2035",0.055169369965795
"OnGrid_30_v3","electricity-grid-retailer","electrolyzer","p44","2026",0.055169369965795
"OnGrid_30_v3","electricity-grid-retailer","electrolyzer","p44","2029",0.055169369965795
"OnGrid_30_v3","electricity-grid-retailer","electrolyzer","p44","2032",0.055169369965795
"OnGrid_30_v3","electricity-grid-retailer","electrolyzer","p44","2035",0.055169369965795
"OnGrid_30_v3","electricity-grid-retailer","electrolyzer","p53","2026",0.0551693699657949
"OnGrid_30_v3","electricity-grid-retailer","electrolyzer","p53","2029",0.0551412629537621
"OnGrid_30_v3","electricity-grid-retailer","electrolyzer","p53","2032",0.055141262953762
"OnGrid_30_v3","electricity-grid-retailer","electrolyzer","p53","2035",0.055141262953762
"OnGrid_30_v3","electricity-grid-retailer","electrolyzer","p68","2026",0.055169369965795
"OnGrid_30_v3","electricity-grid-retailer","electrolyzer","p68","2029",0.055169369965795
"OnGrid_30_v3","electricity-grid-retailer","electrolyzer","p68","2032",0.055169369965795
"OnGrid_30_v3","electricity-grid-retailer","electrolyzer","p68","2035",0.055169369965795
"OnGrid_30_v3","electricity-grid-retailer","electrolyzer","p69","2026",0.0551693699657951
"OnGrid_30_v3","electricity-grid-retailer","electrolyzer","p69","2029",0.055169369965795
"OnGrid_30_v3","electricity-grid-retailer","electrolyzer","p69","2032",0.0551693699657951
"OnGrid_30_v3","electricity-grid-retailer","electrolyzer","p69","2035",0.0551693699657951
"OnGrid_30_v3","electricity-grid-retailer","electrolyzer","p74","2026",0.055169369965795
"OnGrid_30_v3","electricity-grid-retailer","electrolyzer","p74","2029",0.0548029349765997
"OnGrid_30_v3","electricity-grid-retailer","electrolyzer","p74","2032",0.0546682594639944
"OnGrid_30_v3","electricity-grid-retailer","electrolyzer","p74","2035",0.0545688167978948
"OnGrid_30_v3","electricity-grid-retailer","electrolyzer","p80","2032",0.0542387590171937
"OnGrid_30_v3","electricity-grid-retailer","electrolyzer","p80","2035",0.0542387590171937
"OnGrid_30_v3","electricity-grid-retailer","electrolyzer","p81","2032",0.0542387590171937
"OnGrid_30_v3","electricity-grid-retailer","electrolyzer","p81","2035",0.0542387590171937
"OnGrid_30_v3","electricity-grid-retailer","electrolyzer","p82","2032",0.0542387590171937
"OnGrid_30_v3","electricity-grid-retailer","electrolyzer","p82","2035",0.0542387590171937
"OnGrid_30_v3","electricity-grid-retailer","electrolyzer","p88","2029",0.0547045951859956
"OnGrid_30_v3","electricity-grid-retailer","electrolyzer","p88","2032",0.0547045951859956
"OnGrid_30_v3","electricity-grid-retailer","electrolyzer","p88","2035",0.0547045951859956
"OnGrid_30_v3","electricity-grid-retailer","electrolyzer","p93","2029",0.0547045951859956
"OnGrid_30_v3","electricity-grid-retailer","electrolyzer","p93","2032",0.0546234674361308
"OnGrid_30_v3","electricity-grid-retailer","electrolyzer","p93","2035",0.0543992082191624
"OnGrid_30_v3","electricity-grid-retailer","electrolyzer","p108","2029",0.0547045951859955
"OnGrid_30_v3","electricity-grid-retailer","electrolyzer","p108","2032",0.0544120849592311
"OnGrid_30_v3","electricity-grid-retailer","electrolyzer","p108","2035",0.0544120849592311
"Offgrid_20_v3","fom","ded_electrolyzer","p33","2026",8.52863079878018E-6
"Offgrid_20_v3","fom","ded_electrolyzer","p33","2029",8.76264037019197E-6
"Offgrid_20_v3","fom","ded_electrolyzer","p33","2032",8.84741725815876E-6
"Offgrid_20_v3","fom","ded_electrolyzer","p33","2035",8.88140648743837E-6
"Offgrid_20_v3","fom","ded_electrolyzer","p74","2029",1.00341735277339E-5
"Offgrid_20_v3","fom","ded_electrolyzer","p74","2032",1.00759637717601E-5
"Offgrid_20_v3","fom","ded_electrolyzer","p74","2035",9.98901988232843E-6
"Offgrid_20_v3","fom","ded_electrolyzer","p97","2032",1.22130002006803E-5
"Offgrid_20_v3","fom","ded_electrolyzer","p97","2035",1.21772365493461E-5
"Offgrid_20_v3","vom","ded_electrolyzer","p33","2026",2.35638E-5
"Offgrid_20_v3","vom","ded_electrolyzer","p33","2029",2.36713310770877E-5
"Offgrid_20_v3","vom","ded_electrolyzer","p33","2032",2.36836193106354E-5
"Offgrid_20_v3","vom","ded_electrolyzer","p33","2035",2.36880093994624E-5
"Offgrid_20_v3","vom","ded_electrolyzer","p74","2029",2.3764E-5
"Offgrid_20_v3","vom","ded_electrolyzer","p74","2032",2.38523670898721E-5
"Offgrid_20_v3","vom","ded_electrolyzer","p74","2035",2.40199128643648E-5
"Offgrid_20_v3","vom","ded_electrolyzer","p97","2032",2.39681E-5
"Offgrid_20_v3","vom","ded_electrolyzer","p97","2035",2.40789687147501E-5
"Offgrid_20_v3","capcost","ded_electrolyzer","p33","2026",1.0271470420506E-6
"Offgrid_20_v3","capcost","ded_electrolyzer","p33","2029",1.05533002297194E-6
"Offgrid_20_v3","capcost","ded_electrolyzer","p33","2032",1.06554014130908E-6
"Offgrid_20_v3","capcost","ded_electrolyzer","p33","2035",1.06963363968412E-6
"Offgrid_20_v3","capcost","ded_electrolyzer","p74","2029",1.14627428527574E-6
"Offgrid_20_v3","capcost","ded_electrolyzer","p74","2032",1.15104827906509E-6
"Offgrid_20_v3","capcost","ded_electrolyzer","p74","2035",1.14111606646762E-6
"Offgrid_20_v3","capcost","ded_electrolyzer","p97","2032",1.30874401218272E-6
"Offgrid_20_v3","capcost","ded_electrolyzer","p97","2035",1.30491158249564E-6
"Offgrid_20_v3","offgrid-electricity-capcost","ded_electrolyzer","p33","2026",0.908694301538129
"Offgrid_20_v3","offgrid-electricity-capcost","ded_electrolyzer","p33","2029",0.800689516873526
"Offgrid_20_v3","offgrid-electricity-capcost","ded_electrolyzer","p33","2032",0.7322100307488
"Offgrid_20_v3","offgrid-electricity-capcost","ded_electrolyzer","p33","2035",0.67330278640435
"Offgrid_20_v3","offgrid-electricity-capcost","ded_electrolyzer","p74","2029",0.793900070126728
"Offgrid_20_v3","offgrid-electricity-capcost","ded_electrolyzer","p74","2032",0.722158478415865
"Offgrid_20_v3","offgrid-electricity-capcost","ded_electrolyzer","p74","2035",0.661587300219597
"Offgrid_20_v3","offgrid-electricity-capcost","ded_electrolyzer","p97","2032",0.796272326560081
"Offgrid_20_v3","offgrid-electricity-capcost","ded_electrolyzer","p97","2035",0.696388042821926
"Offgrid_20_v3","offgrid-electricity-fom","ded_electrolyzer","p33","2026",0.309876331093689
"Offgrid_20_v3","offgrid-electricity-fom","ded_electrolyzer","p33","2029",0.289660939309562
"Offgrid_20_v3","offgrid-electricity-fom","ded_electrolyzer","p33","2032",0.285921420048396
"Offgrid_20_v3","offgrid-electricity-fom","ded_electrolyzer","p33","2035",0.284227375858027
"Offgrid_20_v3","offgrid-electricity-fom","ded_electrolyzer","p74","2029",0.271298341573953
"Offgrid_20_v3","offgrid-electricity-fom","ded_electrolyzer","p74","2032",0.265375896610617
"Offgrid_20_v3","offgrid-electricity-fom","ded_electrolyzer","p74","2035",0.256720168316479
"Offgrid_20_v3","offgrid-electricity-fom","ded_electrolyzer","p97","2032",0.271386997749609
"Offgrid_20_v3","offgrid-electricity-fom","ded_electrolyzer","p97","2035",0.261693703335423
"Offgrid_20_v3","storage-capex","ded_electrolyzer","p33","2026",0.846049658312828
"Offgrid_20_v3","storage-capex","ded_electrolyzer","p33","2029",0.349311465054821
"Offgrid_20_v3","storage-capex","ded_electrolyzer","p33","2032",0.0145550173030477
"Offgrid_20_v3","storage-capex","ded_electrolyzer","p74","2029",1.82657900713457
"Offgrid_20_v3","storage-capex","ded_electrolyzer","p74","2032",0.488778267697512
"Offgrid_20_v3","storage-capex","ded_electrolyzer","p74","2035",0.508340997886818
"Offgrid_20_v3","storage-capex","ded_electrolyzer","p97","2032",1.51098481965812
"Offgrid_20_v3","storage-capex","ded_electrolyzer","p97","2035",0.605136252081843
"Offgrid_20_v3","storage-fom","ded_electrolyzer","p33","2026",0.0200842513815935
"Offgrid_20_v3","storage-fom","ded_electrolyzer","p33","2029",0.0199029793204582
"Offgrid_20_v3","storage-fom","ded_electrolyzer","p33","2032",0.0198374646000518
"Offgrid_20_v3","storage-fom","ded_electrolyzer","p33","2035",0.019788461251524
"Offgrid_20_v3","storage-fom","ded_electrolyzer","p74","2029",0.0278134769131146
"Offgrid_20_v3","storage-fom","ded_electrolyzer","p74","2032",0.0253887027651129
"Offgrid_20_v3","storage-fom","ded_electrolyzer","p74","2035",0.021677380110309
"Offgrid_20_v3","storage-fom","ded_electrolyzer","p97","2032",0.023007896857172
"Offgrid_20_v3","storage-fom","ded_electrolyzer","p97","2035",0.0228776461396337
"Offgrid_20_v3","45v","ded_electrolyzer","p33","2026",-1.20644259537399
"Offgrid_20_v3","45v","ded_electrolyzer","p33","2029",-1.20644259537399
"Offgrid_20_v3","45v","ded_electrolyzer","p33","2032",-1.20644259537399
"Offgrid_20_v3","45v","ded_electrolyzer","p33","2035",-1.20644259537399
"Offgrid_20_v3","45v","ded_electrolyzer","p74","2029",-1.20644259537399
"Offgrid_20_v3","45v","ded_electrolyzer","p74","2032",-1.20644259537399
"Offgrid_20_v3","45v","ded_electrolyzer","p74","2035",-1.20644259537399
"Offgrid_20_v3","45v","ded_electrolyzer","p97","2032",-1.20644259537399
"Offgrid_20_v3","45v","ded_electrolyzer","p97","2035",-1.20644259537399
"OnGrid_20_v3","fom","electrolyzer","p33","2026",6.99763698196284E-6
"OnGrid_20_v3","fom","electrolyzer","p33","2029",6.9733596044851E-6
"OnGrid_20_v3","fom","electrolyzer","p33","2032",6.93830436830685E-6
"OnGrid_20_v3","fom","electrolyzer","p33","2035",6.93830436830685E-6
"OnGrid_20_v3","fom","electrolyzer","p37","2032",6.87959906357099E-6
"OnGrid_20_v3","fom","electrolyzer","p37","2035",6.87800495607454E-6
"OnGrid_20_v3","fom","electrolyzer","p42","2029",6.93868533561588E-6
"OnGrid_20_v3","fom","electrolyzer","p42","2032",6.93868533561604E-6
"OnGrid_20_v3","fom","electrolyzer","p42","2035",6.93868533561598E-6
"OnGrid_20_v3","fom","electrolyzer","p53","2026",6.99763698196283E-6
"OnGrid_20_v3","fom","electrolyzer","p53","2029",6.99471976555005E-6
"OnGrid_20_v3","fom","electrolyzer","p53","2032",6.99214166649664E-6
"OnGrid_20_v3","fom","electrolyzer","p53","2035",6.99214166649664E-6
"OnGrid_20_v3","fom","electrolyzer","p74","2026",6.9976369819628E-6
"OnGrid_20_v3","fom","electrolyzer","p74","2029",6.9407118793032E-6
"OnGrid_20_v3","fom","electrolyzer","p74","2032",6.9363237418232E-6
"OnGrid_20_v3","fom","electrolyzer","p74","2035",6.91623590931421E-6
"OnGrid_20_v3","fom","electrolyzer","p81","2035",6.82077693778546E-6
"OnGrid_20_v3","fom","electrolyzer","p87","2032",6.87959906357099E-6
"OnGrid_20_v3","fom","electrolyzer","p87","2035",6.879599063571E-6
"OnGrid_20_v3","fom","electrolyzer","p88","2029",6.93868533561588E-6
"OnGrid_20_v3","fom","electrolyzer","p88","2032",6.93868533561589E-6
"OnGrid_20_v3","fom","electrolyzer","p88","2035",6.93868533561589E-6
"OnGrid_20_v3","fom","electrolyzer","p93","2029",6.93868533561588E-6
"OnGrid_20_v3","fom","electrolyzer","p93","2032",6.93868533561589E-6
"OnGrid_20_v3","fom","electrolyzer","p93","2035",6.83646325010618E-6
"OnGrid_20_v3","fom","electrolyzer","p108","2029",6.93868533561588E-6
"OnGrid_20_v3","fom","electrolyzer","p108","2032",6.90591997333015E-6
"OnGrid_20_v3","fom","electrolyzer","p108","2035",6.90591997333015E-6
"OnGrid_20_v3","vom","electrolyzer","p33","2026",2.35638E-5
"OnGrid_20_v3","vom","electrolyzer","p33","2029",2.36462460599868E-5
"OnGrid_20_v3","vom","electrolyzer","p33","2032",2.37665809660365E-5
"OnGrid_20_v3","vom","electrolyzer","p33","2035",2.37665809660365E-5
"OnGrid_20_v3","vom","electrolyzer","p37","2032",2.39681E-5
"OnGrid_20_v3","vom","electrolyzer","p37","2035",2.39737016679967E-5
"OnGrid_20_v3","vom","electrolyzer","p42","2029",2.3764E-5
"OnGrid_20_v3","vom","electrolyzer","p42","2032",2.3764E-5
"OnGrid_20_v3","vom","electrolyzer","p42","2035",2.3764E-5
"OnGrid_20_v3","vom","electrolyzer","p53","2026",2.35638E-5
"OnGrid_20_v3","vom","electrolyzer","p53","2029",2.35737068772805E-5
"OnGrid_20_v3","vom","electrolyzer","p53","2032",2.35825392116816E-5
"OnGrid_20_v3","vom","electrolyzer","p53","2035",2.35825392116816E-5
"OnGrid_20_v3","vom","electrolyzer","p74","2026",2.35638E-5
"OnGrid_20_v3","vom","electrolyzer","p74","2029",2.37571178504531E-5
"OnGrid_20_v3","vom","electrolyzer","p74","2032",2.37722671880666E-5
"OnGrid_20_v3","vom","electrolyzer","p74","2035",2.384224758928E-5
"OnGrid_20_v3","vom","electrolyzer","p81","2035",2.41748E-5
"OnGrid_20_v3","vom","electrolyzer","p87","2032",2.39681E-5
"OnGrid_20_v3","vom","electrolyzer","p87","2035",2.39681E-5
"OnGrid_20_v3","vom","electrolyzer","p88","2029",2.3764E-5
"OnGrid_20_v3","vom","electrolyzer","p88","2032",2.3764E-5
"OnGrid_20_v3","vom","electrolyzer","p88","2035",2.3764E-5
"OnGrid_20_v3","vom","electrolyzer","p93","2029",2.3764E-5
"OnGrid_20_v3","vom","electrolyzer","p93","2032",2.3764E-5
"OnGrid_20_v3","vom","electrolyzer","p93","2035",2.41201479377218E-5
"OnGrid_20_v3","vom","electrolyzer","p108","2029",2.3764E-5
"OnGrid_20_v3","vom","electrolyzer","p108","2032",2.38771804429536E-5
"OnGrid_20_v3","vom","electrolyzer","p108","2035",2.38771804429536E-5
"OnGrid_20_v3","capcost","electrolyzer","p33","2026",8.42761551877125E-7
"OnGrid_20_v3","capcost","electrolyzer","p33","2029",8.39837701958733E-7
"OnGrid_20_v3","capcost","electrolyzer","p33","2032",8.35615818868891E-7
"OnGrid_20_v3","capcost","electrolyzer","p33","2035",8.35615818868891E-7
"OnGrid_20_v3","capcost","electrolyzer","p37","2032",7.74663422292594E-7
"OnGrid_20_v3","capcost","electrolyzer","p37","2035",7.74483921022637E-7
"OnGrid_20_v3","capcost","electrolyzer","p42","2029",7.96017227792688E-7
"OnGrid_20_v3","capcost","electrolyzer","p42","2032",7.96017227792706E-7
"OnGrid_20_v3","capcost","electrolyzer","p42","2035",7.96017227792699E-7
"OnGrid_20_v3","capcost","electrolyzer","p53","2026",7.87954844798E-7
"OnGrid_20_v3","capcost","electrolyzer","p53","2029",7.87626357508404E-7
"OnGrid_20_v3","capcost","electrolyzer","p53","2032",7.87336055847323E-7
"OnGrid_20_v3","capcost","electrolyzer","p53","2035",7.87336055847324E-7
"OnGrid_20_v3","capcost","electrolyzer","p74","2026",7.99389337641841E-7
"OnGrid_20_v3","capcost","electrolyzer","p74","2029",7.92886382397443E-7
"OnGrid_20_v3","capcost","electrolyzer","p74","2032",7.92385094559469E-7
"OnGrid_20_v3","capcost","electrolyzer","p74","2035",7.90090320028379E-7
"OnGrid_20_v3","capcost","electrolyzer","p81","2035",7.81645065011065E-7
"OnGrid_20_v3","capcost","electrolyzer","p87","2032",7.3946554461837E-7
"OnGrid_20_v3","capcost","electrolyzer","p87","2035",7.39465544618371E-7
"OnGrid_20_v3","capcost","electrolyzer","p88","2029",7.4808416682639E-7
"OnGrid_20_v3","capcost","electrolyzer","p88","2032",7.4808416682639E-7
"OnGrid_20_v3","capcost","electrolyzer","p88","2035",7.4808416682639E-7
"OnGrid_20_v3","capcost","electrolyzer","p93","2029",7.60673437324879E-7
"OnGrid_20_v3","capcost","electrolyzer","p93","2032",7.6067343732488E-7
"OnGrid_20_v3","capcost","electrolyzer","p93","2035",7.49467045711174E-7
"OnGrid_20_v3","capcost","electrolyzer","p108","2029",7.64817731339909E-7
"OnGrid_20_v3","capcost","electrolyzer","p108","2032",7.61206163897692E-7
"OnGrid_20_v3","capcost","electrolyzer","p108","2035",7.61206163897692E-7
"OnGrid_20_v3","storage-capex","electrolyzer","p33","2026",2.81236179693224E-15
"OnGrid_20_v3","storage-capex","electrolyzer","p33","2029",-5.63454801044467E-15
"OnGrid_20_v3","storage-capex","electrolyzer","p33","2032",2.6863829400459E-15
"OnGrid_20_v3","storage-capex","electrolyzer","p33","2035",-1.94196357111752E-16
"OnGrid_20_v3","storage-capex","electrolyzer","p42","2029",2.8956924483728E-15
"OnGrid_20_v3","storage-capex","electrolyzer","p42","2032",-1.23066929055847E-14
"OnGrid_20_v3","storage-capex","electrolyzer","p42","2035",-7.96315423302532E-15
"OnGrid_20_v3","storage-capex","electrolyzer","p53","2035",-1.03909925674488E-15
"OnGrid_20_v3","storage-capex","electrolyzer","p74","2026",-4.63888730493158E-14
"OnGrid_20_v3","storage-capex","electrolyzer","p74","2029",1.79401626794273E-15
"OnGrid_20_v3","storage-capex","electrolyzer","p74","2032",-1.41850279517394E-15
"OnGrid_20_v3","storage-capex","electrolyzer","p74","2035",1.01903985304939E-15
"OnGrid_20_v3","storage-capex","electrolyzer","p81","2035",1.53803231124835E-15
"OnGrid_20_v3","storage-capex","electrolyzer","p87","2032",-1.10007349793494E-15
"OnGrid_20_v3","storage-capex","electrolyzer","p87","2035",1.10007349793494E-15
"OnGrid_20_v3","storage-capex","electrolyzer","p88","2032",-1.20566181026592E-14
"OnGrid_20_v3","storage-capex","electrolyzer","p88","2035",1.20566181026592E-14
"OnGrid_20_v3","storage-capex","electrolyzer","p93","2032",-8.16466284840641E-15
"OnGrid_20_v3","storage-capex","electrolyzer","p93","2035",1.08621144710731E-15
"OnGrid_20_v3","storage-capex","electrolyzer","p108","2029",1.01736155085033E-16
"OnGrid_20_v3","storage-fom","electrolyzer","p33","2026",6.67622529606788E-17
"OnGrid_20_v3","storage-fom","electrolyzer","p33","2029",-9.4489403008129E-17
"OnGrid_20_v3","storage-fom","electrolyzer","p33","2032",4.60999944305867E-18
"OnGrid_20_v3","storage-fom","electrolyzer","p37","2032",3.48870141131481E-18
"OnGrid_20_v3","storage-fom","electrolyzer","p37","2035",-9.54606360675944E-19
"OnGrid_20_v3","storage-fom","electrolyzer","p42","2029",4.40929599791265E-17
"OnGrid_20_v3","storage-fom","electrolyzer","p42","2032",-1.43302119932165E-16
"OnGrid_20_v3","storage-fom","electrolyzer","p42","2035",-2.64557759874763E-16
"OnGrid_20_v3","storage-fom","electrolyzer","p53","2035",-2.4667028084981E-17
"OnGrid_20_v3","storage-fom","electrolyzer","p74","2026",-7.06367392016947E-16
"OnGrid_20_v3","storage-fom","electrolyzer","p74","2029",3.03529347334721E-18
"OnGrid_20_v3","storage-fom","electrolyzer","p74","2032",-1.87823174363492E-17
"OnGrid_20_v3","storage-fom","electrolyzer","p87","2032",-2.6114486843259E-17
"OnGrid_20_v3","storage-fom","electrolyzer","p88","2032",-2.2064330038454E-17
"OnGrid_20_v3","storage-fom","electrolyzer","p93","2032",-1.49418198541273E-17
"OnGrid_20_v3","45v","electrolyzer","p33","2026",-1.20644259537399
"OnGrid_20_v3","45v","electrolyzer","p33","2029",-1.20644259537398
"OnGrid_20_v3","45v","electrolyzer","p33","2032",-1.20644259537398
"OnGrid_20_v3","45v","electrolyzer","p33","2035",-1.20644259537398
"OnGrid_20_v3","45v","electrolyzer","p37","2032",-1.20644259537399
"OnGrid_20_v3","45v","electrolyzer","p37","2035",-1.20644259537399
"OnGrid_20_v3","45v","electrolyzer","p42","2029",-1.20644259537398
"OnGrid_20_v3","45v","electrolyzer","p42","2032",-1.20644259537399
"OnGrid_20_v3","45v","electrolyzer","p42","2035",-1.20644259537399
"OnGrid_20_v3","45v","electrolyzer","p53","2026",-1.20644259537399
"OnGrid_20_v3","45v","electrolyzer","p53","2029",-1.20644259537399
"OnGrid_20_v3","45v","electrolyzer","p53","2032",-1.20644259537399
"OnGrid_20_v3","45v","electrolyzer","p53","2035",-1.20644259537399
"OnGrid_20_v3","45v","electrolyzer","p74","2026",-1.20644259537399
"OnGrid_20_v3","45v","electrolyzer","p74","2029",-1.20644259537399
"OnGrid_20_v3","45v","electrolyzer","p74","2032",-1.20644259537399
"OnGrid_20_v3","45v","electrolyzer","p74","2035",-1.20644259537399
"OnGrid_20_v3","45v","electrolyzer","p81","2035",-1.20644259537399
"OnGrid_20_v3","45v","electrolyzer","p87","2032",-1.20644259537399
"OnGrid_20_v3","45v","electrolyzer","p87","2035",-1.20644259537399
"OnGrid_20_v3","45v","electrolyzer","p88","2029",-1.20644259537399
"OnGrid_20_v3","45v","electrolyzer","p88","2032",-1.20644259537399
"OnGrid_20_v3","45v","electrolyzer","p88","2035",-1.20644259537399
"OnGrid_20_v3","45v","electrolyzer","p93","2029",-1.20644259537398
"OnGrid_20_v3","45v","electrolyzer","p93","2032",-1.20644259537398
"OnGrid_20_v3","45v","electrolyzer","p93","2035",-1.20644259537399
"OnGrid_20_v3","45v","electrolyzer","p108","2029",-1.20644259537399
"OnGrid_20_v3","45v","electrolyzer","p108","2032",-1.20644259537398
"OnGrid_20_v3","45v","electrolyzer","p108","2035",-1.20644259537398
"OnGrid_20_v3","electricity-grid-wholesale","electrolyzer","p33","2026",0.695925014422149
"OnGrid_20_v3","electricity-grid-wholesale","electrolyzer","p33","2029",0.630025671109159
"OnGrid_20_v3","electricity-grid-wholesale","electrolyzer","p33","2032",0.47687541042449
"OnGrid_20_v3","electricity-grid-wholesale","electrolyzer","p33","2035",0.354562147359512
"OnGrid_20_v3","electricity-grid-wholesale","electrolyzer","p37","2032",0.415438795976258
"OnGrid_20_v3","electricity-grid-wholesale","electrolyzer","p37","2035",0.392692959854518
"OnGrid_20_v3","electricity-grid-wholesale","electrolyzer","p42","2029",0.51846855440239
"OnGrid_20_v3","electricity-grid-wholesale","electrolyzer","p42","2032",0.433051685768247
"OnGrid_20_v3","electricity-grid-wholesale","electrolyzer","p42","2035",0.401107831274221
"OnGrid_20_v3","electricity-grid-wholesale","electrolyzer","p53","2026",0.725767473320597
"OnGrid_20_v3","electricity-grid-wholesale","electrolyzer","p53","2029",0.620171462079463
"OnGrid_20_v3","electricity-grid-wholesale","electrolyzer","p53","2032",0.488382023551088
"OnGrid_20_v3","electricity-grid-wholesale","electrolyzer","p53","2035",0.472365112474644
"OnGrid_20_v3","electricity-grid-wholesale","electrolyzer","p74","2026",0.714000938707358
"OnGrid_20_v3","electricity-grid-wholesale","electrolyzer","p74","2029",0.592290269034539
"OnGrid_20_v3","electricity-grid-wholesale","electrolyzer","p74","2032",0.521313810047929
"OnGrid_20_v3","electricity-grid-wholesale","electrolyzer","p74","2035",0.546044853597624
"OnGrid_20_v3","electricity-grid-wholesale","electrolyzer","p81","2035",0.451821406342416
"OnGrid_20_v3","electricity-grid-wholesale","electrolyzer","p87","2032",0.571024872903206
"OnGrid_20_v3","electricity-grid-wholesale","electrolyzer","p87","2035",0.562416641836728
"OnGrid_20_v3","electricity-grid-wholesale","electrolyzer","p88","2029",0.665893842582189
"OnGrid_20_v3","electricity-grid-wholesale","electrolyzer","p88","2032",0.614087860715948
"OnGrid_20_v3","electricity-grid-wholesale","electrolyzer","p88","2035",0.578593638600017
"OnGrid_20_v3","electricity-grid-wholesale","electrolyzer","p93","2029",0.638603713352764
"OnGrid_20_v3","electricity-grid-wholesale","electrolyzer","p93","2032",0.58625903010585
"OnGrid_20_v3","electricity-grid-wholesale","electrolyzer","p93","2035",0.518507347211713
"OnGrid_20_v3","electricity-grid-wholesale","electrolyzer","p108","2029",0.634132453915112
"OnGrid_20_v3","electricity-grid-wholesale","electrolyzer","p108","2032",0.575009101997223
"OnGrid_20_v3","electricity-grid-wholesale","electrolyzer","p108","2035",0.526182190442129
"OnGrid_20_v3","electricity-grid-retailer","electrolyzer","p33","2026",0.0551693699657951
"OnGrid_20_v3","electricity-grid-retailer","electrolyzer","p33","2029",0.0549779671217604
"OnGrid_20_v3","electricity-grid-retailer","electrolyzer","p33","2032",0.0547015916397312
"OnGrid_20_v3","electricity-grid-retailer","electrolyzer","p33","2035",0.0547015916397312
"OnGrid_20_v3","electricity-grid-retailer","electrolyzer","p37","2032",0.0542387590171937
"OnGrid_20_v3","electricity-grid-retailer","electrolyzer","p37","2035",0.0542261910736917
"OnGrid_20_v3","electricity-grid-retailer","electrolyzer","p42","2029",0.0547045951859956
"OnGrid_20_v3","electricity-grid-retailer","electrolyzer","p42","2032",0.0547045951859956
"OnGrid_20_v3","electricity-grid-retailer","electrolyzer","p42","2035",0.0547045951859956
"OnGrid_20_v3","electricity-grid-retailer","electrolyzer","p53","2026",0.055169369965795
"OnGrid_20_v3","electricity-grid-retailer","electrolyzer","p53","2029",0.0551463706315966
"OnGrid_20_v3","electricity-grid-retailer","electrolyzer","p53","2032",0.0551260448986596
"OnGrid_20_v3","electricity-grid-retailer","electrolyzer","p53","2035",0.0551260448986596
"OnGrid_20_v3","electricity-grid-retailer","electrolyzer","p74","2026",0.055169369965795
"OnGrid_20_v3","electricity-grid-retailer","electrolyzer","p74","2029",0.0547205724564262
"OnGrid_20_v3","electricity-grid-retailer","electrolyzer","p74","2032",0.0546859763805341
"OnGrid_20_v3","electricity-grid-retailer","electrolyzer","p74","2035",0.0545276039090333
"OnGrid_20_v3","electricity-grid-retailer","electrolyzer","p81","2035",0.0537750053775005
"OnGrid_20_v3","electricity-grid-retailer","electrolyzer","p87","2032",0.0542387590171937
"OnGrid_20_v3","electricity-grid-retailer","electrolyzer","p87","2035",0.0542387590171937
"OnGrid_20_v3","electricity-grid-retailer","electrolyzer","p88","2029",0.0547045951859956
"OnGrid_20_v3","electricity-grid-retailer","electrolyzer","p88","2032",0.0547045951859956
"OnGrid_20_v3","electricity-grid-retailer","electrolyzer","p88","2035",0.0547045951859956
"OnGrid_20_v3","electricity-grid-retailer","electrolyzer","p93","2029",0.0547045951859955
"OnGrid_20_v3","electricity-grid-retailer","electrolyzer","p93","2032",0.0547045951859956
"OnGrid_20_v3","electricity-grid-retailer","electrolyzer","p93","2035",0.0538986762638371
"OnGrid_20_v3","electricity-grid-retailer","electrolyzer","p108","2029",0.0547045951859956
"OnGrid_20_v3","electricity-grid-retailer","electrolyzer","p108","2032",0.0544462730697348
"OnGrid_20_v3","electricity-grid-retailer","electrolyzer","p108","2035",0.0544462730697348
"OnGrid_10_v3","fom","electrolyzer","p33","2026",6.99763698196285E-6
"OnGrid_10_v3","fom","electrolyzer","p33","2029",6.97954948679962E-6
"OnGrid_10_v3","fom","electrolyzer","p33","2032",6.93998236696469E-6
"OnGrid_10_v3","fom","electrolyzer","p33","2035",6.90510781071673E-6
"OnGrid_10_v3","fom","electrolyzer","p37","2032",6.87959906357099E-6
"OnGrid_10_v3","fom","electrolyzer","p37","2035",6.87959906357099E-6
"OnGrid_10_v3","fom","electrolyzer","p53","2026",6.99763698196283E-6
"OnGrid_10_v3","fom","electrolyzer","p53","2029",6.97519351482868E-6
"OnGrid_10_v3","fom","electrolyzer","p53","2032",6.95468180809968E-6
"OnGrid_10_v3","fom","electrolyzer","p53","2035",6.95468180809967E-6
"OnGrid_10_v3","fom","electrolyzer","p74","2026",6.99763698196282E-6
"OnGrid_10_v3","fom","electrolyzer","p74","2029",6.94071187930317E-6
"OnGrid_10_v3","fom","electrolyzer","p74","2032",6.9389986859292E-6
"OnGrid_10_v3","fom","electrolyzer","p74","2035",6.93899868592921E-6
"OnGrid_10_v3","fom","electrolyzer","p87","2032",6.87959906357099E-6
"OnGrid_10_v3","fom","electrolyzer","p87","2035",6.87959906357099E-6
"OnGrid_10_v3","fom","electrolyzer","p88","2032",6.87959906357101E-6
"OnGrid_10_v3","fom","electrolyzer","p88","2035",6.87959906357098E-6
"OnGrid_10_v3","fom","electrolyzer","p93","2035",6.82077693778545E-6
"OnGrid_10_v3","fom","electrolyzer","p108","2032",6.87959906357099E-6
"OnGrid_10_v3","fom","electrolyzer","p108","2035",6.87959906357099E-6
"OnGrid_10_v3","vom","electrolyzer","p33","2026",2.35638E-5
"OnGrid_10_v3","vom","electrolyzer","p33","2029",2.36252251977012E-5
"OnGrid_10_v3","vom","electrolyzer","p33","2032",2.37609581736377E-5
"OnGrid_10_v3","vom","electrolyzer","p33","2035",2.38820310991797E-5
"OnGrid_10_v3","vom","electrolyzer","p37","2032",2.39681E-5
"OnGrid_10_v3","vom","electrolyzer","p37","2035",2.39681E-5
"OnGrid_10_v3","vom","electrolyzer","p53","2026",2.35638E-5
"OnGrid_10_v3","vom","electrolyzer","p53","2029",2.3640018093958E-5
"OnGrid_10_v3","vom","electrolyzer","p53","2032",2.37104146468048E-5
"OnGrid_10_v3","vom","electrolyzer","p53","2035",2.37104146468048E-5
"OnGrid_10_v3","vom","electrolyzer","p74","2026",2.35638E-5
"OnGrid_10_v3","vom","electrolyzer","p74","2029",2.37571178504531E-5
"OnGrid_10_v3","vom","electrolyzer","p74","2032",2.37630323745394E-5
"OnGrid_10_v3","vom","electrolyzer","p74","2035",2.37630323745394E-5
"OnGrid_10_v3","vom","electrolyzer","p87","2032",2.39681E-5
"OnGrid_10_v3","vom","electrolyzer","p87","2035",2.39681E-5
"OnGrid_10_v3","vom","electrolyzer","p88","2032",2.39681E-5
"OnGrid_10_v3","vom","electrolyzer","p88","2035",2.39681E-5
"OnGrid_10_v3","vom","electrolyzer","p93","2035",2.41748E-5
"OnGrid_10_v3","vom","electrolyzer","p108","2032",2.39681E-5
"OnGrid_10_v3","vom","electrolyzer","p108","2035",2.39681E-5
"OnGrid_10_v3","capcost","electrolyzer","p33","2026",8.42761551877125E-7
"OnGrid_10_v3","capcost","electrolyzer","p33","2029",8.40583181445418E-7
"OnGrid_10_v3","capcost","electrolyzer","p33","2032",8.35817908911083E-7
"OnGrid_10_v3","capcost","electrolyzer","p33","2035",8.31617786038131E-7
"OnGrid_10_v3","capcost","electrolyzer","p37","2032",7.74663422292594E-7
"OnGrid_10_v3","capcost","electrolyzer","p37","2035",7.74663422292593E-7
"OnGrid_10_v3","capcost","electrolyzer","p53","2026",7.87954844797999E-7
"OnGrid_10_v3","capcost","electrolyzer","p53","2029",7.85427643300122E-7
"OnGrid_10_v3","capcost","electrolyzer","p53","2032",7.83117963799192E-7
"OnGrid_10_v3","capcost","electrolyzer","p53","2035",7.83117963799191E-7
"OnGrid_10_v3","capcost","electrolyzer","p74","2026",7.99389337641845E-7
"OnGrid_10_v3","capcost","electrolyzer","p74","2029",7.92886382397441E-7
"OnGrid_10_v3","capcost","electrolyzer","p74","2032",7.92690672257003E-7
"OnGrid_10_v3","capcost","electrolyzer","p74","2035",7.92690672257004E-7
"OnGrid_10_v3","capcost","electrolyzer","p87","2032",7.3946554461837E-7
"OnGrid_10_v3","capcost","electrolyzer","p87","2035",7.39465544618371E-7
"OnGrid_10_v3","capcost","electrolyzer","p88","2032",7.41713867201087E-7
"OnGrid_10_v3","capcost","electrolyzer","p88","2035",7.41713867201084E-7
"OnGrid_10_v3","capcost","electrolyzer","p93","2035",7.47747388379156E-7
"OnGrid_10_v3","capcost","electrolyzer","p108","2032",7.58304937294221E-7
"OnGrid_10_v3","capcost","electrolyzer","p108","2035",7.58304937294221E-7
"OnGrid_10_v3","storage-capex","electrolyzer","p33","2026",-7.10206457870971E-16
"OnGrid_10_v3","storage-capex","electrolyzer","p33","2029",1.27998390626494E-14
"OnGrid_10_v3","storage-capex","electrolyzer","p33","2032",-6.69184557174113E-15
"OnGrid_10_v3","storage-capex","electrolyzer","p33","2035",-3.60316817030622E-15
"OnGrid_10_v3","storage-capex","electrolyzer","p37","2032",8.81769874590428E-16
"OnGrid_10_v3","storage-capex","electrolyzer","p37","2035",-2.93923291530142E-16
"OnGrid_10_v3","storage-capex","electrolyzer","p53","2029",8.18323569618142E-16
"OnGrid_10_v3","storage-capex","electrolyzer","p53","2032",-8.034197946518E-16
"OnGrid_10_v3","storage-capex","electrolyzer","p53","2035",1.12478771251252E-15
"OnGrid_10_v3","storage-capex","electrolyzer","p74","2026",2.87514369420255E-14
"OnGrid_10_v3","storage-capex","electrolyzer","p74","2029",-1.51993044922926E-15
"OnGrid_10_v3","storage-capex","electrolyzer","p74","2032",1.03331797751747E-15
"OnGrid_10_v3","storage-capex","electrolyzer","p74","2035",-1.54997696627621E-15
"OnGrid_10_v3","storage-capex","electrolyzer","p87","2032",4.37871948778141E-16
"OnGrid_10_v3","storage-capex","electrolyzer","p87","2035",-4.37871948778142E-16
"OnGrid_10_v3","storage-capex","electrolyzer","p88","2032",1.61242399953366E-13
"OnGrid_10_v3","storage-capex","electrolyzer","p88","2035",-2.18711784827405E-15
"OnGrid_10_v3","storage-fom","electrolyzer","p33","2026",-1.6859489147666E-17
"OnGrid_10_v3","storage-fom","electrolyzer","p33","2029",2.92166867298541E-16
"OnGrid_10_v3","storage-fom","electrolyzer","p33","2032",1.76507512622671E-17
"OnGrid_10_v3","storage-fom","electrolyzer","p33","2035",-7.30482171971605E-17
"OnGrid_10_v3","storage-fom","electrolyzer","p37","2032",2.09322084678889E-17
"OnGrid_10_v3","storage-fom","electrolyzer","p37","2035",1.39548056452593E-17
"OnGrid_10_v3","storage-fom","electrolyzer","p53","2029",1.94260657423688E-17
"OnGrid_10_v3","storage-fom","electrolyzer","p53","2032",-3.81445343359943E-18
"OnGrid_10_v3","storage-fom","electrolyzer","p53","2035",2.28867206015965E-17
"OnGrid_10_v3","storage-fom","electrolyzer","p74","2026",4.37800623177196E-16
"OnGrid_10_v3","storage-fom","electrolyzer","p74","2029",-8.0941159289259E-18
"OnGrid_10_v3","storage-fom","electrolyzer","p74","2032",7.86721121816525E-18
"OnGrid_10_v3","storage-fom","electrolyzer","p74","2035",-1.57344224363305E-17
"OnGrid_10_v3","storage-fom","electrolyzer","p87","2032",1.03945793320759E-17
"OnGrid_10_v3","storage-fom","electrolyzer","p88","2035",-4.00255607554399E-18
"OnGrid_10_v3","45v","electrolyzer","p33","2026",-1.20644259537399
"OnGrid_10_v3","45v","electrolyzer","p33","2029",-1.20644259537399
"OnGrid_10_v3","45v","electrolyzer","p33","2032",-1.20644259537399
"OnGrid_10_v3","45v","electrolyzer","p33","2035",-1.20644259537399
"OnGrid_10_v3","45v","electrolyzer","p37","2032",-1.20644259537399
"OnGrid_10_v3","45v","electrolyzer","p37","2035",-1.20644259537399
"OnGrid_10_v3","45v","electrolyzer","p53","2026",-1.20644259537399
"OnGrid_10_v3","45v","electrolyzer","p53","2029",-1.20644259537398
"OnGrid_10_v3","45v","electrolyzer","p53","2032",-1.20644259537399
"OnGrid_10_v3","45v","electrolyzer","p53","2035",-1.20644259537399
"OnGrid_10_v3","45v","electrolyzer","p74","2026",-1.20644259537399
"OnGrid_10_v3","45v","electrolyzer","p74","2029",-1.20644259537399
"OnGrid_10_v3","45v","electrolyzer","p74","2032",-1.20644259537399
"OnGrid_10_v3","45v","electrolyzer","p74","2035",-1.20644259537399
"OnGrid_10_v3","45v","electrolyzer","p87","2032",-1.20644259537399
"OnGrid_10_v3","45v","electrolyzer","p87","2035",-1.20644259537399
"OnGrid_10_v3","45v","electrolyzer","p88","2032",-1.20644259537398
"OnGrid_10_v3","45v","electrolyzer","p88","2035",-1.20644259537398
"OnGrid_10_v3","45v","electrolyzer","p93","2035",-1.20644259537399
"OnGrid_10_v3","45v","electrolyzer","p108","2032",-1.20644259537399
"OnGrid_10_v3","45v","electrolyzer","p108","2035",-1.20644259537399
"OnGrid_10_v3","electricity-grid-wholesale","electrolyzer","p33","2026",0.661185812860237
"OnGrid_10_v3","electricity-grid-wholesale","electrolyzer","p33","2029",0.616713854894907
"OnGrid_10_v3","electricity-grid-wholesale","electrolyzer","p33","2032",0.47263912308478
"OnGrid_10_v3","electricity-grid-wholesale","electrolyzer","p33","2035",0.363657489853063
"OnGrid_10_v3","electricity-grid-wholesale","electrolyzer","p37","2032",0.410609844998426
"OnGrid_10_v3","electricity-grid-wholesale","electrolyzer","p37","2035",0.389961789217874
"OnGrid_10_v3","electricity-grid-wholesale","electrolyzer","p53","2026",0.704981158266783
"OnGrid_10_v3","electricity-grid-wholesale","electrolyzer","p53","2029",0.606604576585896
"OnGrid_10_v3","electricity-grid-wholesale","electrolyzer","p53","2032",0.473837019029863
"OnGrid_10_v3","electricity-grid-wholesale","electrolyzer","p53","2035",0.460024979053671
"OnGrid_10_v3","electricity-grid-wholesale","electrolyzer","p74","2026",0.712578553720207
"OnGrid_10_v3","electricity-grid-wholesale","electrolyzer","p74","2029",0.579597638142489
"OnGrid_10_v3","electricity-grid-wholesale","electrolyzer","p74","2032",0.497787413293432
"OnGrid_10_v3","electricity-grid-wholesale","electrolyzer","p74","2035",0.501311016497236
"OnGrid_10_v3","electricity-grid-wholesale","electrolyzer","p87","2032",0.565896571983911
"OnGrid_10_v3","electricity-grid-wholesale","electrolyzer","p87","2035",0.564752009130388
"OnGrid_10_v3","electricity-grid-wholesale","electrolyzer","p88","2032",0.60338595636649
"OnGrid_10_v3","electricity-grid-wholesale","electrolyzer","p88","2035",0.568969138904531
"OnGrid_10_v3","electricity-grid-wholesale","electrolyzer","p93","2035",0.496375221058198
"OnGrid_10_v3","electricity-grid-wholesale","electrolyzer","p108","2032",0.552689523803066
"OnGrid_10_v3","electricity-grid-wholesale","electrolyzer","p108","2035",0.50705747499064
"OnGrid_10_v3","electricity-grid-retailer","electrolyzer","p33","2026",0.0551693699657951
"OnGrid_10_v3","electricity-grid-retailer","electrolyzer","p33","2029",0.0550267681539284
"OnGrid_10_v3","electricity-grid-retailer","electrolyzer","p33","2032",0.0547148209811496
"OnGrid_10_v3","electricity-grid-retailer","electrolyzer","p33","2035",0.0544398699796909
"OnGrid_10_v3","electricity-grid-retailer","electrolyzer","p37","2032",0.0542387590171937
"OnGrid_10_v3","electricity-grid-retailer","electrolyzer","p37","2035",0.0542387590171937
"OnGrid_10_v3","electricity-grid-retailer","electrolyzer","p53","2026",0.055169369965795
"OnGrid_10_v3","electricity-grid-retailer","electrolyzer","p53","2029",0.0549924256709093
"OnGrid_10_v3","electricity-grid-retailer","electrolyzer","p53","2032",0.0548307113750579
"OnGrid_10_v3","electricity-grid-retailer","electrolyzer","p53","2035",0.0548307113750579
"OnGrid_10_v3","electricity-grid-retailer","electrolyzer","p74","2026",0.055169369965795
"OnGrid_10_v3","electricity-grid-retailer","electrolyzer","p74","2029",0.0547205724564262
"OnGrid_10_v3","electricity-grid-retailer","electrolyzer","p74","2032",0.0547070656398658
"OnGrid_10_v3","electricity-grid-retailer","electrolyzer","p74","2035",0.0547070656398658
"OnGrid_10_v3","electricity-grid-retailer","electrolyzer","p87","2032",0.0542387590171937
"OnGrid_10_v3","electricity-grid-retailer","electrolyzer","p87","2035",0.0542387590171937
"OnGrid_10_v3","electricity-grid-retailer","electrolyzer","p88","2032",0.0542387590171937
"OnGrid_10_v3","electricity-grid-retailer","electrolyzer","p88","2035",0.0542387590171937
"OnGrid_10_v3","electricity-grid-retailer","electrolyzer","p93","2035",0.0537750053775005
"OnGrid_10_v3","electricity-grid-retailer","electrolyzer","p108","2032",0.0542387590171937
"OnGrid_10_v3","electricity-grid-retailer","electrolyzer","p108","2035",0.0542387590171937
"Offgrid_10_v3","fom","ded_electrolyzer","p33","2026",8.52863079878018E-6
"Offgrid_10_v3","fom","ded_electrolyzer","p33","2029",8.79353163723393E-6
"Offgrid_10_v3","fom","ded_electrolyzer","p33","2032",8.87926557370004E-6
"Offgrid_10_v3","fom","ded_electrolyzer","p33","2035",8.87725139547133E-6
"Offgrid_10_v3","fom","ded_electrolyzer","p74","2029",1.00341735277339E-5
"Offgrid_10_v3","fom","ded_electrolyzer","p74","2032",1.00423987870913E-5
"Offgrid_10_v3","fom","ded_electrolyzer","p74","2035",9.91995775450598E-6
"Offgrid_10_v3","vom","ded_electrolyzer","p33","2026",2.35638E-5
"Offgrid_10_v3","vom","ded_electrolyzer","p33","2029",2.36873765346501E-5
"Offgrid_10_v3","vom","ded_electrolyzer","p33","2032",2.37979079350285E-5
"Offgrid_10_v3","vom","ded_electrolyzer","p33","2035",2.38456154776661E-5
"Offgrid_10_v3","vom","ded_electrolyzer","p74","2029",2.3764E-5
"Offgrid_10_v3","vom","ded_electrolyzer","p74","2032",2.39368743057044E-5
"Offgrid_10_v3","vom","ded_electrolyzer","p74","2035",2.41545561947434E-5
"Offgrid_10_v3","capcost","ded_electrolyzer","p33","2026",1.0271470420506E-6
"Offgrid_10_v3","capcost","ded_electrolyzer","p33","2029",1.05905041775933E-6
"Offgrid_10_v3","capcost","ded_electrolyzer","p33","2032",1.06937579838867E-6
"Offgrid_10_v3","capcost","ded_electrolyzer","p33","2035",1.069133220505E-6
"Offgrid_10_v3","capcost","ded_electrolyzer","p74","2029",1.14627428527574E-6
"Offgrid_10_v3","capcost","ded_electrolyzer","p74","2032",1.14721391456012E-6
"Offgrid_10_v3","capcost","ded_electrolyzer","p74","2035",1.13322661339104E-6
"Offgrid_10_v3","offgrid-electricity-capcost","ded_electrolyzer","p33","2026",0.908694301538128
"Offgrid_10_v3","offgrid-electricity-capcost","ded_electrolyzer","p33","2029",0.797210118332814
"Offgrid_10_v3","offgrid-electricity-capcost","ded_electrolyzer","p33","2032",0.721724859782733
"Offgrid_10_v3","offgrid-electricity-capcost","ded_electrolyzer","p33","2035",0.664750641831031
"Offgrid_10_v3","offgrid-electricity-capcost","ded_electrolyzer","p74","2029",0.793900070126728
"Offgrid_10_v3","offgrid-electricity-capcost","ded_electrolyzer","p74","2032",0.715936759982179
"Offgrid_10_v3","offgrid-electricity-capcost","ded_electrolyzer","p74","2035",0.653596200319008
"Offgrid_10_v3","offgrid-electricity-fom","ded_electrolyzer","p33","2026",0.309876331093689
"Offgrid_10_v3","offgrid-electricity-fom","ded_electrolyzer","p33","2029",0.2867458542757
"Offgrid_10_v3","offgrid-electricity-fom","ded_electrolyzer","p33","2032",0.274652517387452
"Offgrid_10_v3","offgrid-electricity-fom","ded_electrolyzer","p33","2035",0.271043863306323
"Offgrid_10_v3","offgrid-electricity-fom","ded_electrolyzer","p74","2029",0.271298341573953
"Offgrid_10_v3","offgrid-electricity-fom","ded_electrolyzer","p74","2032",0.257424537141913
"Offgrid_10_v3","offgrid-electricity-fom","ded_electrolyzer","p74","2035",0.244213594563951
"Offgrid_10_v3","storage-capex","ded_electrolyzer","p33","2026",0.846049658312835
"Offgrid_10_v3","storage-capex","ded_electrolyzer","p33","2029",0.404835132226052
"Offgrid_10_v3","storage-capex","ded_electrolyzer","p33","2032",0.211453163977633
"Offgrid_10_v3","storage-capex","ded_electrolyzer","p74","2029",1.82657900713457
"Offgrid_10_v3","storage-capex","ded_electrolyzer","p74","2032",1.2767981496521
"Offgrid_10_v3","storage-capex","ded_electrolyzer","p74","2035",1.2384179015677
"Offgrid_10_v3","storage-fom","ded_electrolyzer","p33","2026",0.0200842513815936
"Offgrid_10_v3","storage-fom","ded_electrolyzer","p33","2029",0.0197362073715425
"Offgrid_10_v3","storage-fom","ded_electrolyzer","p33","2032",0.0188603097031604
"Offgrid_10_v3","storage-fom","ded_electrolyzer","p33","2035",0.0170415414066584
"Offgrid_10_v3","storage-fom","ded_electrolyzer","p74","2029",0.0278134769131147
"Offgrid_10_v3","storage-fom","ded_electrolyzer","p74","2032",0.0254108851634764
"Offgrid_10_v3","storage-fom","ded_electrolyzer","p74","2035",0.021917909601264
"Offgrid_10_v3","45v","ded_electrolyzer","p33","2026",-1.20644259537399
"Offgrid_10_v3","45v","ded_electrolyzer","p33","2029",-1.20644259537399
"Offgrid_10_v3","45v","ded_electrolyzer","p33","2032",-1.20644259537399
"Offgrid_10_v3","45v","ded_electrolyzer","p33","2035",-1.20644259537399
"Offgrid_10_v3","45v","ded_electrolyzer","p74","2029",-1.20644259537399
"Offgrid_10_v3","45v","ded_electrolyzer","p74","2032",-1.20644259537399
"Offgrid_10_v3","45v","ded_electrolyzer","p74","2035",-1.20644259537399
